mobile_number,churn_real,churn_prob,rank
7000948293,1,0.937120135465119,1
7001752097,1,0.937120135465119,2
7001847805,1,0.937120135465119,3
7000945882,1,0.937120135465119,4
7000544026,1,0.937120135465119,5
7002074629,1,0.937120135465119,6
7001459562,1,0.937120135465119,7
7002095751,1,0.937120135465119,8
7001365918,1,0.936898209289822,9
7001333378,1,0.936898209289822,10
7001756108,0,0.936898209289822,11
7000802312,0,0.936898209289822,12
7001929052,1,0.936898209289822,13
7001946805,1,0.936898209289822,14
7002197400,1,0.936898209289822,15
7001070162,1,0.936898209289822,16
7000669368,1,0.936898209289822,17
7002301724,1,0.936898209289822,18
7002198768,1,0.936898209289822,19
7000717822,1,0.936898209289822,20
7000004035,1,0.936898209289822,21
7000670592,1,0.936898209289822,22
7000681868,1,0.936898209289822,23
7001771585,1,0.936898209289822,24
7001134213,1,0.936898209289822,25
7000682026,1,0.936898209289822,26
7002165175,1,0.936898209289822,27
7001369951,1,0.936579475140285,28
7001089383,1,0.936579475140285,29
7001678157,0,0.936579475140285,30
7001367644,1,0.936579475140285,31
7000939942,1,0.9351411336406588,32
7000471921,0,0.9347628137922562,33
7000382808,1,0.9347628137922562,34
7001993690,0,0.9347628137922562,35
7001574995,1,0.9347628137922562,36
7001486124,0,0.934540887616959,37
7000971707,1,0.934540887616959,38
7001010994,0,0.934540887616959,39
7000941593,1,0.934540887616959,40
7001256503,0,0.934540887616959,41
7000669928,1,0.9342221534674222,42
7002323802,1,0.9342221534674222,43
7001627176,0,0.9342221534674222,44
7001935562,1,0.9342221534674222,45
7000621478,1,0.9342221534674222,46
7001116535,1,0.9342221534674222,47
7001826116,1,0.9342221534674222,48
7001712848,1,0.9338140855019627,49
7001835816,0,0.9338140855019627,50
7001619507,0,0.9325330202735068,51
7002237658,0,0.9325330202735068,52
7001141484,0,0.9325330202735068,53
7000725678,1,0.9325330202735068,54
7002150272,1,0.9322520104274843,55
7001953534,1,0.9322520104274843,56
7000264673,1,0.9322520104274843,57
7002323359,0,0.9322520104274843,58
7002133451,0,0.9322520104274843,59
7002190778,0,0.9322520104274843,60
7000343105,1,0.9322520104274843,61
7001351849,0,0.9322520104274843,62
7000271479,1,0.9322520104274843,63
7001242263,1,0.9322520104274843,64
7001143922,0,0.9322520104274843,65
7001833065,1,0.9322520104274843,66
7000122214,0,0.9322520104274843,67
7002382176,1,0.9322520104274843,68
7000815025,1,0.9322520104274843,69
7000789358,0,0.9322520104274843,70
7000117923,1,0.9322520104274843,71
7000222804,0,0.9322520104274843,72
7002358925,1,0.9322520104274843,73
7001159943,1,0.9322520104274843,74
7000714820,1,0.9322520104274843,75
7001405773,0,0.9322520104274843,76
7000578554,0,0.9322520104274843,77
7000430153,1,0.9322520104274843,78
7000960866,1,0.9322520104274843,79
7000598042,1,0.9322520104274843,80
7001799503,0,0.9322520104274843,81
7000994308,0,0.9322520104274843,82
7000439183,1,0.9322520104274843,83
7000927604,1,0.9322520104274843,84
7001366428,0,0.9322520104274843,85
7000185874,0,0.9322520104274843,86
7002220699,0,0.9322520104274843,87
7001126462,0,0.9322520104274843,88
7000082098,0,0.9322520104274843,89
7000933711,0,0.9322520104274843,90
7000200370,1,0.9322520104274843,91
7002349892,0,0.9322520104274843,92
7001884249,0,0.9322520104274843,93
7000773643,1,0.9322520104274843,94
7000653755,1,0.9322520104274843,95
7000448508,1,0.9322520104274843,96
7001121396,0,0.9322520104274843,97
7001403847,0,0.9322520104274843,98
7001718808,1,0.9322520104274843,99
7000236271,0,0.9322520104274843,100
7000455635,1,0.9322520104274843,101
7000491215,0,0.9322520104274843,102
7001440840,1,0.9322520104274843,103
7001556531,0,0.9322520104274843,104
7001679867,1,0.9322520104274843,105
7000130626,0,0.9322520104274843,106
7002354060,0,0.9322520104274843,107
7000605759,0,0.9322520104274843,108
7002047082,1,0.9322520104274843,109
7000166551,0,0.9322520104274843,110
7001703751,1,0.93221428612397,111
7002166747,1,0.931918157916789,112
7002053938,0,0.931918157916789,113
7001771443,1,0.931918157916789,114
7002266626,1,0.9315994237672522,115
7001726727,1,0.9313032821371904,116
7002271663,0,0.9313032821371904,117
7001580225,0,0.9313032821371904,118
7001589667,0,0.9313032821371904,119
7001833066,0,0.9313032821371904,120
7000286024,0,0.9313032821371904,121
7001509994,1,0.9313032821371904,122
7000852594,0,0.9313032821371904,123
7001208604,1,0.9313032821371904,124
7002337994,0,0.9313032821371904,125
7000634618,0,0.9313032821371904,126
7000104554,0,0.9313032821371904,127
7002363726,1,0.9313032821371904,128
7000952154,0,0.931229621447136,129
7001181380,1,0.9307325766647253,130
7001160326,0,0.9306198087478346,131
7001402660,1,0.9306198087478346,132
7000063273,0,0.9306198087478346,133
7000544058,0,0.9306198087478346,134
7001537620,0,0.9306198087478346,135
7000632644,0,0.9306198087478346,136
7001144951,0,0.9306198087478346,137
7001274507,1,0.9306198087478346,138
7000582967,0,0.9306198087478346,139
7001993209,0,0.9306198087478346,140
7000764924,0,0.9306198087478346,141
7000153888,0,0.9306198087478346,142
7001343247,0,0.9306198087478346,143
7002175480,1,0.9306198087478346,144
7001977022,0,0.9306198087478346,145
7001272413,0,0.930214305095809,146
7001248696,1,0.9298946887546213,147
7000268762,1,0.9298946887546213,148
7000974046,1,0.9298946887546213,149
7000979380,0,0.9298946887546213,150
7000440516,1,0.9298946887546213,151
7001254253,1,0.9298946887546213,152
7001433313,1,0.9298946887546213,153
7001898291,0,0.9298946887546213,154
7000942475,1,0.9298946887546213,155
7000692355,1,0.9298946887546213,156
7001085815,0,0.9297827624192234,157
7002316947,1,0.9297827624192234,158
7000276915,1,0.9297511226228528,159
7000275795,1,0.9295608362439264,160
7001073306,1,0.9295608362439264,161
7002221499,1,0.9292421020943894,162
7001327481,1,0.9292421020943894,163
7000465447,1,0.9292421020943894,164
7002225618,1,0.9292421020943894,165
7001132033,0,0.9289459604643276,166
7001647680,1,0.9289459604643276,167
7002289941,1,0.9289459604643276,168
7002226635,1,0.9289459604643276,169
7000669827,1,0.9289459604643276,170
7001408045,0,0.9286751075851695,171
7001424491,1,0.9286550866670781,172
7001950764,1,0.9286550866670781,173
7001659917,0,0.9286550866670781,174
7001225412,0,0.9286550866670781,175
7000748961,1,0.9286550866670781,176
7000030108,1,0.9286550866670781,177
7000051565,1,0.9286550866670781,178
7001408479,0,0.9286550866670781,179
7001771286,0,0.9286550866670781,180
7001477170,1,0.9286550866670781,181
7000461843,0,0.9286550866670781,182
7000494755,0,0.9286550866670781,183
7001082981,0,0.9286550866670781,184
7002239552,0,0.9286550866670781,185
7000357834,0,0.9286550866670781,186
7001930781,1,0.9286550866670781,187
7002186669,0,0.9286550866670781,188
7002111441,0,0.9286550866670781,189
7001674925,0,0.9286550866670781,190
7000623261,0,0.9286550866670781,191
7000823213,0,0.9286550866670781,192
7000685077,0,0.9286550866670781,193
7000065893,1,0.9286550866670781,194
7001799884,0,0.9286550866670781,195
7000987154,0,0.9286550866670781,196
7000153863,1,0.9286550866670781,197
7002173692,1,0.9286550866670781,198
7002042933,1,0.9286550866670781,199
7001240581,0,0.9286550866670781,200
7000809935,0,0.9286550866670781,201
7000065000,1,0.9286550866670781,202
7000233886,0,0.9286550866670781,203
7001055489,1,0.9286550866670781,204
7002296373,0,0.9286550866670781,205
7000539191,1,0.9286550866670781,206
7000255986,0,0.9286550866670781,207
7001845674,0,0.9286550866670781,208
7002408419,0,0.9286550866670781,209
7000041735,0,0.9286550866670781,210
7001171986,0,0.9286550866670781,211
7001742584,1,0.9286550866670781,212
7000511335,1,0.9286550866670781,213
7001845186,0,0.9286550866670781,214
7001085279,0,0.9286550866670781,215
7000490746,0,0.9286550866670781,216
7001809062,0,0.9286550866670781,217
7000024334,0,0.9286550866670781,218
7002304659,0,0.9286550866670781,219
7000297477,1,0.9286550866670781,220
7002290214,0,0.9286550866670781,221
7000562996,0,0.9286550866670781,222
7000386997,1,0.9286550866670781,223
7000081645,1,0.9286550866670781,224
7000967200,0,0.9286550866670781,225
7002007028,0,0.9286550866670781,226
7001004675,0,0.9286550866670781,227
7002191964,0,0.9286550866670781,228
7000325380,1,0.9286550866670781,229
7000771627,1,0.9286550866670781,230
7000730913,1,0.9286550866670781,231
7000862011,0,0.9286550866670781,232
7001085174,0,0.9286550866670781,233
7000270926,1,0.9286550866670781,234
7002219775,0,0.9286550866670781,235
7000555373,1,0.9286550866670781,236
7000121831,0,0.9286550866670781,237
7000458395,0,0.9286550866670781,238
7001083920,0,0.9286550866670781,239
7002208037,1,0.9286550866670781,240
7000046530,1,0.9286550866670781,241
7000825425,0,0.9286550866670781,242
7000096304,0,0.9286550866670781,243
7000198459,1,0.9286550866670781,244
7002332207,0,0.9286550866670781,245
7002074309,0,0.9286550866670781,246
7000178787,0,0.9286550866670781,247
7000939049,1,0.9286550866670781,248
7001112110,1,0.9286550866670781,249
7001132191,0,0.9286550866670781,250
7001847672,0,0.9286550866670781,251
7001652046,1,0.9286550866670781,252
7002189989,1,0.9286550866670781,253
7000154804,0,0.9286550866670781,254
7001156632,0,0.9286550866670781,255
7000067250,0,0.9286550866670781,256
7000290121,1,0.9286550866670781,257
7001106929,1,0.9286550866670781,258
7000213212,0,0.9286550866670781,259
7002348213,1,0.9286550866670781,260
7000983988,0,0.9286550866670781,261
7001998929,0,0.9286550866670781,262
7000345542,1,0.9286550866670781,263
7001125597,0,0.9286550866670781,264
7000068182,0,0.9286550866670781,265
7001690240,1,0.9286550866670781,266
7001350019,0,0.9286550866670781,267
7002263249,0,0.9286550866670781,268
7001038029,1,0.9286550866670781,269
7000029673,0,0.9286550866670781,270
7000104116,0,0.9286550866670781,271
7000476099,1,0.9286550866670781,272
7000372102,0,0.9286550866670781,273
7000388866,1,0.9286550866670781,274
7001212328,0,0.9286550866670781,275
7001821765,0,0.9286550866670781,276
7000032590,0,0.9286550866670781,277
7002164380,0,0.9286550866670781,278
7000487530,0,0.9286550866670781,279
7001758577,0,0.9286550866670781,280
7000222537,0,0.9286550866670781,281
7001154079,1,0.9286550866670781,282
7000504982,1,0.9286550866670781,283
7002355488,1,0.9286550866670781,284
7001816094,0,0.9286550866670781,285
7000036216,0,0.9286550866670781,286
7000017920,1,0.9286550866670781,287
7001671505,0,0.9286550866670781,288
7000055149,0,0.9286550866670781,289
7000054118,1,0.9286550866670781,290
7001343325,1,0.9286550866670781,291
7000347656,1,0.9286550866670781,292
7001518376,1,0.9286550866670781,293
7000035990,1,0.9286550866670781,294
7000194025,0,0.9286550866670781,295
7002056330,1,0.9286550866670781,296
7000234937,1,0.9286550866670781,297
7000447694,1,0.9286550866670781,298
7002313504,1,0.9286550866670781,299
7000349953,1,0.9286550866670781,300
7001119785,0,0.9286550866670781,301
7000021887,0,0.9286550866670781,302
7001988817,1,0.9286550866670781,303
7001245418,1,0.9286550866670781,304
7000001491,0,0.9286550866670781,305
7001014769,1,0.9286550866670781,306
7000017705,1,0.9286550866670781,307
7000451496,1,0.9286550866670781,308
7000102820,1,0.9286550866670781,309
7001843013,1,0.9286550866670781,310
7001315448,1,0.9286550866670781,311
7002222419,0,0.9286550866670781,312
7001875806,0,0.9286550866670781,313
7000075503,0,0.9286550866670781,314
7000556903,1,0.9286550866670781,315
7000016405,0,0.9286550866670781,316
7001828050,0,0.9286550866670781,317
7002258646,0,0.9286550866670781,318
7000207442,1,0.9286550866670781,319
7000226836,0,0.9286550866670781,320
7001037289,0,0.9286550866670781,321
7000994746,0,0.9286550866670781,322
7000009518,0,0.9286550866670781,323
7000989036,0,0.9286550866670781,324
7000071920,0,0.9286550866670781,325
7000361561,1,0.9286550866670781,326
7000019100,0,0.9286550866670781,327
7000083483,1,0.9286550866670781,328
7000046111,1,0.9286550866670781,329
7001491846,1,0.9286550866670781,330
7002028334,0,0.9286550866670781,331
7001175726,0,0.9286550866670781,332
7000677930,1,0.9286550866670781,333
7000378331,0,0.9286550866670781,334
7000045737,1,0.9286550866670781,335
7001937054,1,0.9286550866670781,336
7000266595,1,0.9286550866670781,337
7001770115,0,0.9286550866670781,338
7002353710,0,0.9286550866670781,339
7000689473,0,0.9286550866670781,340
7001761789,0,0.9286550866670781,341
7000515486,0,0.9286550866670781,342
7001215385,0,0.9286550866670781,343
7001498530,1,0.9286550866670781,344
7000697670,0,0.9286550866670781,345
7002288190,1,0.9286550866670781,346
7001416495,1,0.9286550866670781,347
7000441481,0,0.9286550866670781,348
7001844776,0,0.9286550866670781,349
7001616209,0,0.9286550866670781,350
7000630487,1,0.9286550866670781,351
7002377976,0,0.9286550866670781,352
7000267845,0,0.9286550866670781,353
7001545353,0,0.9286550866670781,354
7001371759,0,0.9286550866670781,355
7001444535,0,0.9286550866670781,356
7001315461,0,0.9286550866670781,357
7001900053,0,0.9286550866670781,358
7000865798,0,0.9286550866670781,359
7001298022,0,0.9286550866670781,360
7001890904,0,0.9286550866670781,361
7001208954,0,0.9286550866670781,362
7002127039,0,0.9286550866670781,363
7001113387,0,0.9286550866670781,364
7002327850,0,0.9286550866670781,365
7000010657,1,0.9286550866670781,366
7001969794,0,0.9286550866670781,367
7001859742,0,0.9286550866670781,368
7000513590,1,0.9286550866670781,369
7002244543,0,0.9286550866670781,370
7000843280,1,0.9286550866670781,371
7001936956,0,0.9286550866670781,372
7000728805,1,0.9286550866670781,373
7001149258,0,0.9286550866670781,374
7000062197,0,0.9286550866670781,375
7000061363,0,0.9286550866670781,376
7000200999,0,0.9286550866670781,377
7000523267,0,0.9286550866670781,378
7002214096,0,0.9286550866670781,379
7000019597,1,0.9286550866670781,380
7001688917,0,0.9286550866670781,381
7000619489,0,0.9286550866670781,382
7000791540,0,0.9286550866670781,383
7001100607,0,0.9286550866670781,384
7001304180,0,0.9286550866670781,385
7000064903,1,0.9286550866670781,386
7001563090,0,0.9286550866670781,387
7001192849,1,0.9286550866670781,388
7001123751,0,0.9286550866670781,389
7001986618,0,0.9286550866670781,390
7002397517,1,0.9286550866670781,391
7000066699,0,0.9286550866670781,392
7002410351,1,0.9286550866670781,393
7000224974,0,0.9286550866670781,394
7000580387,1,0.9286550866670781,395
7001168669,0,0.9286550866670781,396
7001578186,0,0.9286550866670781,397
7001815885,1,0.9286550866670781,398
7000583224,0,0.9286550866670781,399
7000908619,1,0.9286550866670781,400
7001224765,0,0.9286550866670781,401
7001988990,0,0.9286550866670781,402
7002252263,1,0.9286550866670781,403
7001763184,0,0.9286550866670781,404
7000215854,0,0.9286550866670781,405
7002402559,1,0.9286550866670781,406
7001329555,0,0.9286550866670781,407
7000944420,1,0.9286550866670781,408
7001462991,1,0.9286550866670781,409
7002230043,0,0.9286550866670781,410
7001166616,1,0.9286550866670781,411
7001595009,0,0.9286550866670781,412
7000028817,0,0.9286550866670781,413
7000349800,0,0.9286550866670781,414
7000951558,0,0.9286550866670781,415
7000495732,0,0.9286550866670781,416
7000978537,1,0.9286550866670781,417
7002090471,1,0.9286550866670781,418
7001953546,1,0.9286550866670781,419
7002039887,0,0.9286550866670781,420
7000303336,0,0.9286550866670781,421
7000448474,0,0.9286550866670781,422
7001202667,0,0.9286550866670781,423
7001143275,0,0.9286550866670781,424
7000866164,0,0.9286550866670781,425
7001662127,0,0.9286550866670781,426
7000795877,1,0.9286550866670781,427
7000360265,1,0.9286550866670781,428
7001372595,0,0.9286550866670781,429
7000563815,0,0.9286550866670781,430
7002288281,0,0.9286550866670781,431
7001826952,0,0.9286550866670781,432
7000081986,1,0.9286550866670781,433
7001946196,0,0.9286550866670781,434
7000565394,1,0.9286550866670781,435
7002240424,0,0.9286550866670781,436
7001260822,0,0.9286550866670781,437
7000923566,0,0.9286550866670781,438
7001095678,0,0.9286550866670781,439
7002039797,0,0.9286550866670781,440
7000421244,0,0.9286550866670781,441
7000934302,0,0.9286550866670781,442
7001865171,1,0.9286550866670781,443
7000368115,1,0.9286550866670781,444
7000186477,0,0.9286550866670781,445
7002253207,1,0.9286550866670781,446
7000168484,0,0.9286550866670781,447
7001935639,0,0.9286550866670781,448
7000465708,0,0.9286550866670781,449
7002158442,1,0.9286550866670781,450
7000646264,1,0.9286550866670781,451
7000001489,0,0.9286550866670781,452
7000367091,1,0.9286550866670781,453
7000802568,1,0.9286550866670781,454
7000564035,0,0.9286550866670781,455
7000019148,1,0.9286550866670781,456
7002231172,0,0.9286550866670781,457
7000131732,1,0.9286550866670781,458
7000120659,1,0.9286550866670781,459
7000839931,0,0.9286550866670781,460
7001586777,0,0.9286550866670781,461
7000854312,1,0.9286550866670781,462
7002216683,1,0.9286550866670781,463
7001396012,1,0.9286550866670781,464
7002009196,0,0.9286550866670781,465
7000971044,1,0.9286550866670781,466
7001392472,1,0.9286550866670781,467
7000164810,1,0.9286550866670781,468
7000032701,1,0.9286550866670781,469
7002174151,1,0.9286550866670781,470
7001152448,0,0.9286550866670781,471
7000085627,0,0.9286550866670781,472
7000593029,1,0.9286550866670781,473
7000307402,1,0.9286550866670781,474
7001095812,1,0.9286550866670781,475
7000386851,0,0.9286550866670781,476
7000309135,0,0.9286550866670781,477
7000378914,1,0.9286550866670781,478
7000050123,0,0.9286550866670781,479
7000234732,1,0.9286550866670781,480
7000031826,0,0.9286550866670781,481
7002118438,1,0.9286550866670781,482
7000287906,0,0.9286550866670781,483
7000010065,0,0.9286550866670781,484
7001131819,0,0.9286550866670781,485
7001227024,0,0.9286550866670781,486
7000799372,1,0.9286550866670781,487
7001272004,0,0.9286550866670781,488
7000751794,1,0.9286550866670781,489
7001422628,1,0.9286550866670781,490
7000071991,0,0.9286550866670781,491
7001852094,0,0.9286550866670781,492
7001710214,0,0.9286550866670781,493
7001380405,0,0.9286550866670781,494
7001041690,0,0.9286550866670781,495
7000866491,0,0.9286550866670781,496
7000018378,0,0.9286550866670781,497
7000844385,1,0.9286550866670781,498
7001891027,1,0.9286550866670781,499
7000008246,1,0.9286550866670781,500
7002014696,1,0.9286550866670781,501
7000348096,1,0.9286550866670781,502
7002388962,0,0.9286550866670781,503
7001571688,1,0.9286550866670781,504
7001859616,1,0.9286550866670781,505
7000515320,1,0.9286550866670781,506
7002276841,1,0.9286550866670781,507
7001064323,1,0.9286550866670781,508
7000310803,0,0.9286550866670781,509
7000188124,0,0.9286550866670781,510
7000437416,0,0.9286550866670781,511
7001251702,0,0.9286550866670781,512
7000990474,0,0.9286550866670781,513
7000177325,1,0.9286550866670781,514
7000128632,0,0.9286550866670781,515
7001228047,1,0.9286550866670781,516
7000636551,0,0.9286550866670781,517
7002108620,0,0.9286550866670781,518
7000667369,1,0.9286550866670781,519
7000514098,1,0.9286550866670781,520
7002097500,0,0.9286550866670781,521
7000266335,1,0.9286550866670781,522
7000410093,0,0.9286550866670781,523
7000719859,0,0.9286550866670781,524
7000231239,1,0.9286550866670781,525
7002072900,0,0.9286550866670781,526
7001333420,0,0.9286550866670781,527
7000257505,1,0.9286550866670781,528
7000763890,0,0.9286550866670781,529
7001393547,0,0.9286550866670781,530
7000424829,1,0.9286550866670781,531
7000740523,1,0.9286550866670781,532
7001252086,0,0.9286550866670781,533
7001137911,0,0.9286550866670781,534
7002147911,1,0.9286550866670781,535
7000017817,1,0.9286550866670781,536
7002217246,1,0.9286550866670781,537
7000374870,1,0.9286550866670781,538
7001864851,0,0.9286550866670781,539
7000693833,1,0.9286550866670781,540
7001626913,0,0.9286550866670781,541
7000376606,1,0.9286550866670781,542
7000308676,0,0.9286550866670781,543
7000411990,1,0.9286550866670781,544
7002387147,0,0.9286550866670781,545
7000073939,0,0.9286550866670781,546
7001064749,0,0.9286550866670781,547
7000004368,1,0.9286550866670781,548
7001145163,0,0.9286550866670781,549
7000416985,0,0.9286550866670781,550
7001758678,1,0.9286550866670781,551
7000998012,0,0.9286550866670781,552
7001560287,0,0.9286550866670781,553
7000346525,1,0.9286550866670781,554
7001401823,0,0.9286550866670781,555
7000781785,0,0.9286550866670781,556
7000854905,1,0.9286550866670781,557
7000105253,1,0.9286550866670781,558
7002322646,0,0.9286550866670781,559
7001875761,1,0.9286550866670781,560
7001175481,0,0.9286550866670781,561
7000811349,0,0.9286550866670781,562
7000142976,0,0.9286550866670781,563
7000528404,0,0.9286550866670781,564
7001255093,1,0.9286550866670781,565
7001853015,0,0.9286550866670781,566
7002330701,1,0.9286550866670781,567
7001490938,0,0.9286550866670781,568
7002120285,0,0.9286550866670781,569
7000012746,0,0.9286550866670781,570
7002408456,1,0.9286550866670781,571
7000762402,0,0.9286550866670781,572
7001909303,1,0.9286550866670781,573
7000982990,0,0.9286550866670781,574
7001673405,1,0.9286550866670781,575
7000305822,0,0.9286550866670781,576
7000329156,0,0.9286550866670781,577
7000133708,0,0.9286550866670781,578
7000473563,0,0.9286550866670781,579
7000554802,0,0.9286550866670781,580
7000542794,1,0.9286550866670781,581
7001253724,1,0.9286550866670781,582
7000218645,0,0.9286550866670781,583
7000479851,1,0.9286550866670781,584
7001532153,0,0.9286550866670781,585
7000164433,0,0.9286550866670781,586
7001094682,1,0.9286550866670781,587
7001005356,0,0.9286550866670781,588
7000273443,0,0.9286550866670781,589
7000095035,1,0.9286550866670781,590
7000216464,0,0.9286550866670781,591
7002403604,1,0.9286550866670781,592
7000460615,0,0.9286550866670781,593
7000076873,0,0.9286550866670781,594
7001391239,1,0.9286550866670781,595
7001714544,0,0.9286550866670781,596
7000192706,1,0.9286550866670781,597
7000289311,0,0.9286550866670781,598
7002276344,1,0.9286550866670781,599
7001669229,1,0.9286550866670781,600
7002276093,0,0.9286550866670781,601
7002085189,0,0.9286550866670781,602
7002292940,0,0.9286550866670781,603
7000130021,1,0.9286550866670781,604
7000197016,0,0.9286550866670781,605
7001407305,1,0.9286550866670781,606
7000474193,1,0.9286550866670781,607
7000256789,1,0.9286550866670781,608
7000742421,0,0.9286550866670781,609
7000525957,0,0.9286550866670781,610
7002000796,0,0.9286550866670781,611
7001466876,0,0.9286550866670781,612
7000042821,1,0.9286550866670781,613
7000727425,1,0.9286550866670781,614
7000038889,0,0.9286550866670781,615
7001163795,0,0.9286550866670781,616
7002303635,1,0.9286550866670781,617
7000059720,0,0.9286550866670781,618
7000041683,0,0.9286550866670781,619
7001326530,1,0.9286550866670781,620
7000064524,1,0.9286550866670781,621
7002035884,0,0.9286550866670781,622
7000019759,0,0.9286550866670781,623
7002171091,0,0.9286550866670781,624
7001942889,0,0.9286550866670781,625
7001333041,1,0.9286550866670781,626
7001472840,0,0.9286550866670781,627
7000108215,1,0.9286550866670781,628
7000877662,1,0.9286550866670781,629
7000041729,0,0.9286550866670781,630
7001114305,0,0.9286550866670781,631
7002052941,1,0.9286550866670781,632
7000045967,0,0.9286550866670781,633
7000810743,0,0.9286550866670781,634
7001091663,1,0.9286550866670781,635
7000728421,0,0.9286550866670781,636
7000190966,0,0.9286550866670781,637
7001946210,1,0.9286550866670781,638
7001781055,0,0.9286550866670781,639
7000431124,1,0.9286550866670781,640
7000516213,1,0.9286550866670781,641
7002346834,0,0.9286550866670781,642
7000493079,1,0.9286550866670781,643
7001333153,0,0.9286550866670781,644
7000549163,0,0.9286550866670781,645
7001926225,0,0.9286550866670781,646
7002048219,0,0.9286550866670781,647
7000559440,1,0.9286550866670781,648
7000786607,0,0.9286550866670781,649
7001708161,1,0.9286550866670781,650
7000086919,1,0.9286550866670781,651
7000078522,0,0.9286550866670781,652
7002143394,0,0.9286550866670781,653
7000064893,1,0.9286550866670781,654
7001109946,1,0.9286550866670781,655
7000075803,1,0.9286550866670781,656
7002211488,1,0.9286550866670781,657
7000466959,1,0.9286550866670781,658
7000316442,0,0.9286550866670781,659
7000836314,1,0.9286550866670781,660
7002184999,0,0.9286550866670781,661
7000444105,0,0.9286550866670781,662
7000673794,0,0.9286550866670781,663
7000476594,1,0.9286550866670781,664
7002290962,0,0.9286550866670781,665
7001796313,1,0.9286550866670781,666
7000591442,0,0.9286550866670781,667
7000382742,0,0.9286550866670781,668
7001944199,1,0.9286550866670781,669
7000726820,0,0.9286550866670781,670
7001990512,0,0.9286550866670781,671
7000702014,0,0.9286550866670781,672
7000838421,0,0.9286550866670781,673
7001147221,0,0.9286550866670781,674
7001277706,1,0.9286550866670781,675
7000007475,1,0.9286550866670781,676
7002172791,1,0.9286550866670781,677
7000080569,1,0.9286550866670781,678
7001661451,0,0.9286550866670781,679
7001967850,1,0.9286550866670781,680
7000198414,0,0.9286550866670781,681
7002288067,0,0.9286550866670781,682
7001066881,0,0.9286550866670781,683
7002165190,1,0.9286550866670781,684
7001140303,0,0.9286550866670781,685
7001071407,1,0.9286550866670781,686
7001096493,0,0.9286550866670781,687
7000423264,1,0.9286550866670781,688
7001752862,1,0.9286550866670781,689
7000589874,0,0.9286550866670781,690
7000041667,0,0.9286550866670781,691
7001140631,0,0.9286550866670781,692
7000096747,0,0.9286550866670781,693
7001040129,0,0.9286550866670781,694
7000298685,1,0.9286550866670781,695
7000705521,0,0.9286550866670781,696
7001771217,0,0.9286550866670781,697
7002076639,0,0.9286550866670781,698
7002247659,0,0.9286550866670781,699
7001274496,1,0.9286550866670781,700
7000049351,0,0.9286550866670781,701
7001011497,1,0.9286550866670781,702
7000697019,0,0.9286550866670781,703
7000028467,1,0.9286550866670781,704
7000151084,0,0.9286550866670781,705
7001852663,0,0.9286550866670781,706
7000073622,0,0.9286550866670781,707
7000039967,1,0.9286550866670781,708
7000725852,0,0.9286550866670781,709
7002027910,0,0.9286550866670781,710
7001107811,0,0.9286550866670781,711
7000261313,1,0.9286550866670781,712
7000518020,1,0.9286550866670781,713
7000099316,1,0.9286550866670781,714
7001436404,0,0.9286550866670781,715
7002010816,0,0.9286550866670781,716
7000896027,1,0.9286550866670781,717
7000796442,1,0.9286550866670781,718
7000840354,1,0.9286550866670781,719
7000079993,1,0.9286550866670781,720
7000506545,0,0.9286550866670781,721
7000984673,0,0.9286550866670781,722
7000285076,0,0.9286550866670781,723
7001189315,0,0.9286550866670781,724
7002112877,0,0.9286550866670781,725
7000423238,0,0.9286550866670781,726
7002383698,0,0.9286550866670781,727
7000006646,0,0.9286550866670781,728
7002290550,1,0.9286550866670781,729
7000084943,0,0.9286550866670781,730
7000658735,0,0.9286550866670781,731
7001228605,0,0.9286550866670781,732
7001559036,1,0.9286550866670781,733
7000196874,0,0.9286550866670781,734
7000015826,0,0.9286550866670781,735
7001024275,1,0.9286550866670781,736
7000803139,1,0.9286550866670781,737
7000076406,0,0.9286550866670781,738
7000004354,0,0.9286550866670781,739
7000157276,0,0.9286550866670781,740
7000049215,1,0.9286550866670781,741
7001895015,0,0.9286550866670781,742
7000743858,1,0.9286550866670781,743
7001151824,1,0.9286550866670781,744
7000693070,1,0.9286550866670781,745
7002382753,0,0.9286550866670781,746
7001483143,0,0.9286550866670781,747
7000612020,0,0.9286550866670781,748
7000004117,0,0.9286550866670781,749
7000546704,0,0.9286550866670781,750
7000144553,0,0.9286550866670781,751
7000388033,1,0.9286550866670781,752
7001772816,0,0.9286550866670781,753
7001021131,1,0.9286550866670781,754
7000019395,1,0.9286550866670781,755
7000445861,0,0.9286550866670781,756
7001918934,0,0.9286550866670781,757
7000549430,1,0.9286550866670781,758
7000657860,0,0.9286550866670781,759
7001603556,1,0.9286550866670781,760
7000453893,1,0.9286550866670781,761
7002404922,0,0.9286550866670781,762
7001510543,0,0.9286550866670781,763
7000729241,0,0.9286550866670781,764
7001817600,0,0.9286550866670781,765
7000033474,0,0.9286550866670781,766
7001097214,0,0.9286550866670781,767
7001606054,1,0.9286550866670781,768
7000863292,0,0.9286550866670781,769
7001262874,1,0.9286550866670781,770
7000161285,1,0.9286550866670781,771
7000015477,1,0.9286550866670781,772
7002178760,0,0.9286550866670781,773
7001363251,0,0.9286550866670781,774
7001441132,0,0.9286550866670781,775
7001918990,0,0.9286550866670781,776
7002108195,0,0.9286550866670781,777
7001052100,0,0.9286550866670781,778
7000213434,1,0.9286550866670781,779
7000960187,0,0.9286550866670781,780
7002408285,1,0.9286550866670781,781
7002054787,0,0.9286550866670781,782
7001796841,0,0.9286550866670781,783
7000128633,1,0.9286550866670781,784
7000079638,0,0.9286550866670781,785
7001572504,0,0.9286550866670781,786
7000933428,1,0.9286550866670781,787
7001454702,0,0.9286550866670781,788
7000381273,0,0.9286550866670781,789
7000368342,0,0.9286550866670781,790
7001299430,0,0.9286550866670781,791
7002357769,1,0.9286550866670781,792
7002299762,0,0.9286550866670781,793
7002042818,0,0.9286550866670781,794
7000823902,0,0.9286550866670781,795
7000544471,0,0.9286550866670781,796
7001628899,0,0.9286550866670781,797
7001806913,1,0.9286550866670781,798
7002331884,0,0.9286550866670781,799
7000988660,0,0.9286550866670781,800
7001762043,0,0.9286550866670781,801
7000038029,0,0.9286550866670781,802
7002120462,0,0.9286550866670781,803
7000010637,0,0.9286550866670781,804
7000486124,1,0.9286550866670781,805
7001989775,1,0.9286550866670781,806
7001575918,0,0.9286550866670781,807
7000141253,0,0.9286550866670781,808
7000230925,1,0.9286550866670781,809
7000521515,0,0.9286550866670781,810
7000176317,0,0.9286550866670781,811
7002267517,0,0.9286550866670781,812
7001771029,0,0.9286550866670781,813
7002117326,0,0.9286550866670781,814
7000951469,0,0.9286550866670781,815
7001923044,0,0.9286550866670781,816
7001427610,0,0.9286550866670781,817
7000964820,0,0.9286550866670781,818
7000053008,1,0.9286550866670781,819
7002029305,1,0.9286550866670781,820
7001162674,0,0.9286550866670781,821
7000267125,0,0.9286550866670781,822
7000402978,1,0.9286550866670781,823
7000141877,1,0.9286550866670781,824
7000871380,0,0.9286550866670781,825
7001769875,0,0.9286550866670781,826
7001662009,0,0.9286550866670781,827
7000038589,1,0.9286550866670781,828
7000781426,1,0.9286550866670781,829
7000045131,1,0.9286550866670781,830
7002037773,1,0.9286550866670781,831
7000591202,0,0.9286550866670781,832
7000647883,0,0.9286550866670781,833
7000874902,1,0.9286550866670781,834
7001792996,0,0.9286550866670781,835
7000187029,0,0.9286550866670781,836
7000447929,0,0.9286550866670781,837
7000754060,0,0.9286550866670781,838
7002120496,0,0.9286550866670781,839
7000784684,1,0.9286550866670781,840
7001274313,0,0.9286550866670781,841
7000394651,1,0.9286550866670781,842
7001053837,0,0.9286550866670781,843
7001142741,0,0.9286550866670781,844
7000399838,0,0.9286550866670781,845
7000362650,0,0.9286550866670781,846
7001828261,0,0.9286550866670781,847
7002109505,0,0.9286550866670781,848
7000013117,0,0.9286550866670781,849
7000393806,0,0.9286550866670781,850
7000350210,0,0.9286550866670781,851
7001377657,0,0.9286550866670781,852
7000927606,0,0.9286550866670781,853
7000027186,0,0.9286550866670781,854
7000429629,0,0.9286550866670781,855
7001297844,0,0.9286550866670781,856
7000026625,1,0.9286550866670781,857
7000693285,0,0.9286550866670781,858
7001765516,1,0.9286550866670781,859
7002303938,1,0.9286550866670781,860
7000366774,0,0.9286550866670781,861
7002283160,0,0.9286550866670781,862
7000481413,0,0.9286550866670781,863
7001695093,1,0.9286550866670781,864
7001510908,1,0.9286550866670781,865
7001291689,0,0.9286550866670781,866
7001112593,0,0.9286550866670781,867
7000249553,1,0.9286550866670781,868
7002095532,0,0.9286550866670781,869
7002064378,0,0.9286550866670781,870
7001840645,1,0.9286550866670781,871
7001523110,0,0.9286550866670781,872
7000512568,1,0.9286550866670781,873
7000880410,1,0.9286550866670781,874
7000277188,1,0.9286550866670781,875
7001917642,0,0.9286550866670781,876
7000023313,0,0.9286550866670781,877
7000639972,0,0.9286550866670781,878
7000981590,0,0.9286550866670781,879
7001131266,0,0.9286550866670781,880
7002136603,0,0.9286550866670781,881
7001310667,1,0.9286550866670781,882
7002394765,0,0.9286550866670781,883
7001432062,0,0.9286550866670781,884
7001524565,0,0.9286550866670781,885
7000016132,0,0.9286550866670781,886
7001822303,0,0.9286550866670781,887
7002076127,0,0.9286550866670781,888
7001028688,0,0.9286550866670781,889
7000965447,0,0.9286550866670781,890
7001090391,1,0.9286550866670781,891
7001978081,1,0.9286550866670781,892
7002097968,1,0.9286550866670781,893
7000225585,1,0.9286550866670781,894
7001675478,0,0.9286550866670781,895
7000029770,1,0.9286550866670781,896
7002396349,1,0.9286550866670781,897
7000828599,1,0.9286550866670781,898
7002245687,1,0.9286550866670781,899
7000053762,1,0.9286550866670781,900
7001232079,1,0.9286550866670781,901
7001438402,0,0.9286550866670781,902
7000079840,1,0.9286550866670781,903
7000134343,0,0.9286550866670781,904
7000077356,1,0.9286550866670781,905
7000554096,1,0.9286550866670781,906
7000073682,0,0.9286550866670781,907
7001743532,1,0.9286550866670781,908
7000041764,0,0.9286550866670781,909
7001277579,0,0.9286550866670781,910
7002409199,0,0.9286550866670781,911
7001162380,1,0.9286550866670781,912
7000514702,0,0.9286550866670781,913
7000260628,1,0.9286550866670781,914
7000031445,1,0.9286550866670781,915
7000408535,0,0.9286550866670781,916
7001135804,1,0.9286550866670781,917
7000131521,0,0.9286550866670781,918
7000133940,0,0.9286550866670781,919
7002068216,0,0.9286550866670781,920
7000101929,1,0.9286550866670781,921
7000458808,0,0.9286550866670781,922
7001351354,1,0.9286550866670781,923
7001736587,0,0.9286550866670781,924
7000669140,0,0.9286550866670781,925
7000362018,1,0.9286550866670781,926
7001947209,0,0.9286550866670781,927
7000215108,1,0.9286550866670781,928
7001560780,0,0.9286550866670781,929
7001338323,1,0.9286550866670781,930
7000290680,0,0.9286550866670781,931
7000779714,0,0.9286550866670781,932
7000452335,1,0.9286550866670781,933
7000074575,0,0.9286550866670781,934
7000134942,0,0.9286550866670781,935
7000284447,0,0.9286550866670781,936
7001562147,0,0.9286550866670781,937
7002317259,0,0.9286550866670781,938
7001281727,0,0.9286550866670781,939
7000027356,1,0.9286550866670781,940
7001231857,0,0.9286550866670781,941
7000334458,1,0.9286550866670781,942
7002105123,1,0.9286550866670781,943
7000060326,1,0.9286550866670781,944
7000586394,0,0.9286550866670781,945
7000627189,0,0.9286550866670781,946
7001103686,1,0.9286550866670781,947
7001426094,1,0.9286550866670781,948
7002124614,0,0.9286550866670781,949
7001905007,1,0.9286550866670781,950
7000951247,0,0.9286550866670781,951
7001752604,0,0.9286550866670781,952
7002194763,1,0.9286550866670781,953
7000241340,1,0.9286550866670781,954
7001616989,0,0.9286550866670781,955
7000053066,1,0.9286550866670781,956
7000087541,0,0.9286550866670781,957
7000009676,1,0.9286550866670781,958
7000335281,0,0.9286550866670781,959
7000289095,0,0.9286550866670781,960
7001347754,1,0.9286550866670781,961
7001953812,1,0.9286550866670781,962
7002046139,0,0.9286550866670781,963
7000453486,0,0.9286550866670781,964
7001210639,0,0.9286550866670781,965
7000010661,1,0.9286550866670781,966
7002098435,1,0.9286550866670781,967
7002372382,0,0.9286550866670781,968
7000083959,0,0.9286550866670781,969
7000039766,0,0.9286550866670781,970
7001564685,0,0.9286550866670781,971
7001979110,0,0.9286550866670781,972
7000864983,1,0.9286550866670781,973
7001243130,0,0.9286550866670781,974
7000560000,1,0.9286550866670781,975
7001509068,1,0.9286550866670781,976
7000689197,0,0.9286550866670781,977
7002392192,0,0.9286550866670781,978
7000502376,0,0.9286550866670781,979
7001320452,0,0.9286550866670781,980
7002289648,0,0.9286550866670781,981
7001476755,0,0.9286550866670781,982
7000046983,1,0.9286550866670781,983
7001800602,1,0.9286550866670781,984
7000246578,0,0.9286550866670781,985
7002105528,0,0.9286550866670781,986
7000507634,1,0.9286550866670781,987
7001071159,0,0.9286550866670781,988
7001117612,0,0.9286550866670781,989
7001305613,0,0.9286550866670781,990
7000781848,0,0.9286550866670781,991
7000528331,0,0.9286550866670781,992
7000111694,0,0.9286550866670781,993
7000142300,0,0.9286550866670781,994
7000962950,1,0.9286550866670781,995
7000051457,1,0.9286550866670781,996
7001630454,0,0.9286550866670781,997
7000754387,0,0.9286550866670781,998
7000776591,0,0.9286550866670781,999
7000440639,0,0.9286550866670781,1000
7002223826,1,0.9286550866670781,1001
7000458332,1,0.9286550866670781,1002
7001979014,1,0.9286550866670781,1003
7001143003,0,0.9286550866670781,1004
7000123521,0,0.9286550866670781,1005
7000463739,0,0.9286550866670781,1006
7002120964,0,0.9286550866670781,1007
7000621596,1,0.9286550866670781,1008
7001021969,1,0.9286550866670781,1009
7000688871,0,0.9286550866670781,1010
7000161511,0,0.9286550866670781,1011
7002231686,0,0.9286550866670781,1012
7001944330,0,0.9286550866670781,1013
7002353608,0,0.9286550866670781,1014
7000489756,0,0.9286550866670781,1015
7000537940,1,0.9286550866670781,1016
7000537985,0,0.9286550866670781,1017
7000099478,1,0.9286550866670781,1018
7000563178,0,0.9286550866670781,1019
7001983389,0,0.9286550866670781,1020
7000360798,1,0.9286550866670781,1021
7000446342,1,0.9286550866670781,1022
7000303963,0,0.9286550866670781,1023
7000482944,0,0.9286550866670781,1024
7001525983,0,0.9286550866670781,1025
7001143031,0,0.9286550866670781,1026
7001269250,0,0.9286550866670781,1027
7002335455,1,0.9286550866670781,1028
7000543207,1,0.9286550866670781,1029
7000596060,0,0.9286550866670781,1030
7001245858,0,0.9286550866670781,1031
7002202859,0,0.9286550866670781,1032
7000032632,1,0.9286550866670781,1033
7000492402,0,0.9286550866670781,1034
7000653025,0,0.9286550866670781,1035
7000474648,0,0.9286550866670781,1036
7000225294,0,0.9286550866670781,1037
7000495074,1,0.9286550866670781,1038
7001728874,0,0.9286550866670781,1039
7000019009,1,0.9286550866670781,1040
7001013620,0,0.9286550866670781,1041
7000489320,0,0.9286550866670781,1042
7001183848,0,0.9286550866670781,1043
7001869596,0,0.9286550866670781,1044
7001161365,1,0.9286550866670781,1045
7001013779,1,0.9286550866670781,1046
7000688572,1,0.9286550866670781,1047
7000854284,0,0.9286550866670781,1048
7000843599,1,0.9286550866670781,1049
7000036521,0,0.9286550866670781,1050
7001883120,0,0.9286550866670781,1051
7001243377,1,0.9286550866670781,1052
7000455600,1,0.9286550866670781,1053
7001175264,0,0.9286550866670781,1054
7000451851,0,0.9286550866670781,1055
7000545414,0,0.9286550866670781,1056
7000483249,0,0.9286550866670781,1057
7002010111,0,0.9286550866670781,1058
7001485019,0,0.9286550866670781,1059
7001724685,1,0.9286550866670781,1060
7000499060,1,0.9286550866670781,1061
7000049189,1,0.9286550866670781,1062
7000258423,0,0.9286550866670781,1063
7001632522,0,0.9286550866670781,1064
7001060266,0,0.9286550866670781,1065
7000114902,0,0.9286550866670781,1066
7001293072,0,0.9286550866670781,1067
7000549594,0,0.9286550866670781,1068
7000615582,1,0.9286550866670781,1069
7000032200,0,0.9286550866670781,1070
7000019084,0,0.9286550866670781,1071
7001973864,1,0.9286550866670781,1072
7000020548,1,0.9286550866670781,1073
7000940816,0,0.9286550866670781,1074
7002401433,0,0.9286550866670781,1075
7000714008,0,0.9286550866670781,1076
7000028231,0,0.9286550866670781,1077
7001005804,0,0.9286550866670781,1078
7002354312,0,0.9286550866670781,1079
7001066808,0,0.9286550866670781,1080
7002375364,1,0.9286550866670781,1081
7001111871,0,0.9286550866670781,1082
7000313480,1,0.9286550866670781,1083
7000040047,1,0.9286550866670781,1084
7001358405,0,0.9286550866670781,1085
7000404965,0,0.9286550866670781,1086
7001100402,0,0.9286550866670781,1087
7000756701,0,0.9286550866670781,1088
7002269765,0,0.9286550866670781,1089
7000008811,0,0.9286550866670781,1090
7001999149,1,0.9286550866670781,1091
7001194194,1,0.9286550866670781,1092
7001870452,0,0.9286550866670781,1093
7000843932,0,0.9286550866670781,1094
7001140632,0,0.9286550866670781,1095
7001149814,0,0.9286550866670781,1096
7001647927,1,0.9286550866670781,1097
7001373025,0,0.9286550866670781,1098
7000679246,0,0.9286550866670781,1099
7000735562,0,0.9286550866670781,1100
7002061249,0,0.9286550866670781,1101
7002395860,1,0.9286550866670781,1102
7000891315,1,0.9286550866670781,1103
7001419598,0,0.9286550866670781,1104
7000747118,1,0.9286550866670781,1105
7000702488,0,0.9286550866670781,1106
7001346255,1,0.9286550866670781,1107
7000746562,0,0.9286550866670781,1108
7000242032,1,0.9286550866670781,1109
7002097625,0,0.9286550866670781,1110
7002004659,1,0.9286550866670781,1111
7001913243,0,0.9286550866670781,1112
7002183323,0,0.9286550866670781,1113
7000649651,0,0.9286550866670781,1114
7001331165,1,0.9286550866670781,1115
7001238678,0,0.9286550866670781,1116
7001256107,1,0.9286550866670781,1117
7002102824,0,0.9286550866670781,1118
7001321951,0,0.9286550866670781,1119
7000396591,0,0.9286550866670781,1120
7002310575,0,0.9286550866670781,1121
7000842803,1,0.9286550866670781,1122
7000070046,0,0.9286550866670781,1123
7001899926,0,0.9286550866670781,1124
7001048158,0,0.9286550866670781,1125
7000185697,0,0.9286550866670781,1126
7001662284,1,0.9286550866670781,1127
7001231279,1,0.9286550866670781,1128
7000507977,0,0.9286550866670781,1129
7001747393,1,0.9286550866670781,1130
7000050332,0,0.9286550866670781,1131
7000865789,1,0.9286550866670781,1132
7000242500,1,0.9286550866670781,1133
7000016420,1,0.9286550866670781,1134
7001335907,0,0.9286550866670781,1135
7001491880,0,0.9286550866670781,1136
7001071117,1,0.9286550866670781,1137
7000060343,0,0.9286550866670781,1138
7001729134,0,0.9286550866670781,1139
7000494481,0,0.9286550866670781,1140
7000222272,1,0.9286550866670781,1141
7001776620,0,0.9286550866670781,1142
7001558018,0,0.9286550866670781,1143
7001190872,0,0.9286550866670781,1144
7000704140,0,0.9286550866670781,1145
7000029620,0,0.9286550866670781,1146
7002259260,0,0.9286550866670781,1147
7001003201,1,0.9286550866670781,1148
7001939905,1,0.9286550866670781,1149
7001032790,0,0.9286550866670781,1150
7001115359,0,0.9286550866670781,1151
7000035166,0,0.9286550866670781,1152
7000027958,0,0.9286550866670781,1153
7001079117,0,0.9286550866670781,1154
7000619411,0,0.9286550866670781,1155
7001544388,1,0.9286550866670781,1156
7000724954,0,0.9286550866670781,1157
7002159028,1,0.9286550866670781,1158
7001547362,0,0.9286550866670781,1159
7002239814,0,0.9286550866670781,1160
7000023249,0,0.9286550866670781,1161
7000384606,1,0.9286550866670781,1162
7001586861,0,0.9286550866670781,1163
7001969053,0,0.9286550866670781,1164
7001750163,0,0.9286550866670781,1165
7000087599,0,0.9286550866670781,1166
7000038076,0,0.9286550866670781,1167
7001154493,0,0.9286550866670781,1168
7000101099,0,0.9286550866670781,1169
7000771650,0,0.9286550866670781,1170
7000018663,1,0.9286550866670781,1171
7000336415,0,0.9286550866670781,1172
7001325899,0,0.9286550866670781,1173
7000449867,1,0.9286550866670781,1174
7000496076,0,0.9286550866670781,1175
7001574602,0,0.9286550866670781,1176
7000654991,0,0.9286550866670781,1177
7000481439,0,0.9286550866670781,1178
7002401197,0,0.9286550866670781,1179
7002263788,1,0.9286550866670781,1180
7000816242,0,0.9286550866670781,1181
7000098753,0,0.9286550866670781,1182
7002044322,0,0.9286550866670781,1183
7000570963,0,0.9286550866670781,1184
7000481005,1,0.9286550866670781,1185
7001888224,1,0.9286550866670781,1186
7001243228,0,0.9286550866670781,1187
7001197902,0,0.9286550866670781,1188
7000044077,1,0.9286550866670781,1189
7002192158,0,0.9286550866670781,1190
7001813241,1,0.9286550866670781,1191
7000077875,0,0.9286550866670781,1192
7001535928,0,0.9286550866670781,1193
7002236248,0,0.9286550866670781,1194
7001551986,0,0.9286550866670781,1195
7002274013,1,0.9286550866670781,1196
7000809327,0,0.9286550866670781,1197
7001419088,0,0.9286550866670781,1198
7000264746,0,0.9286550866670781,1199
7000263945,0,0.9286550866670781,1200
7000056588,1,0.9286550866670781,1201
7000669023,0,0.9286550866670781,1202
7000097509,0,0.9286550866670781,1203
7000068810,1,0.9286550866670781,1204
7000047846,1,0.9286550866670781,1205
7002371069,0,0.9286550866670781,1206
7002341636,1,0.9286550866670781,1207
7000496110,0,0.9286550866670781,1208
7000254980,1,0.9286550866670781,1209
7000079873,1,0.9286550866670781,1210
7000497498,0,0.9286550866670781,1211
7001241487,0,0.9286550866670781,1212
7000759271,1,0.9286550866670781,1213
7001083541,1,0.9286550866670781,1214
7001620295,1,0.9286550866670781,1215
7000699282,0,0.9286550866670781,1216
7001960585,1,0.9286550866670781,1217
7000594331,0,0.9286550866670781,1218
7001064143,0,0.9286550866670781,1219
7000823433,0,0.9286550866670781,1220
7000746409,1,0.9286550866670781,1221
7002354660,0,0.9286550866670781,1222
7000855031,0,0.9286550866670781,1223
7000037571,1,0.9286550866670781,1224
7000069850,1,0.9286550866670781,1225
7000055648,0,0.9286550866670781,1226
7000073742,1,0.9286550866670781,1227
7000963341,1,0.9286550866670781,1228
7000208097,1,0.9286550866670781,1229
7001258249,1,0.9286550866670781,1230
7001969677,0,0.9286550866670781,1231
7000835935,0,0.9286550866670781,1232
7000014834,0,0.9286550866670781,1233
7000658453,0,0.9286550866670781,1234
7000293006,0,0.9286550866670781,1235
7000097997,0,0.9286550866670781,1236
7001580571,0,0.9286550866670781,1237
7000784680,0,0.9286550866670781,1238
7000344163,0,0.9286550866670781,1239
7000500292,1,0.9286550866670781,1240
7001609562,0,0.9286550866670781,1241
7000544574,0,0.9286550866670781,1242
7000837676,0,0.9286550866670781,1243
7000454967,0,0.9286550866670781,1244
7000856315,1,0.9286550866670781,1245
7001261362,0,0.9286550866670781,1246
7000248548,0,0.9286550866670781,1247
7002291794,0,0.9286550866670781,1248
7002400197,1,0.9286550866670781,1249
7001568028,0,0.9286550866670781,1250
7001460370,1,0.9286550866670781,1251
7000231387,1,0.9286550866670781,1252
7001773597,0,0.9286550866670781,1253
7002344832,1,0.9286550866670781,1254
7000670087,0,0.9286550866670781,1255
7001488368,0,0.9286550866670781,1256
7001561824,0,0.9286550866670781,1257
7001632446,0,0.9286550866670781,1258
7000208973,0,0.9286550866670781,1259
7001277486,1,0.9286550866670781,1260
7002116864,1,0.9286550866670781,1261
7000145218,0,0.9286550866670781,1262
7000021026,0,0.9286550866670781,1263
7001880285,1,0.9286550866670781,1264
7002227057,1,0.9286550866670781,1265
7000610116,0,0.9286550866670781,1266
7001432955,1,0.9286550866670781,1267
7001315215,0,0.9286550866670781,1268
7001162901,0,0.9286550866670781,1269
7000195882,1,0.9286550866670781,1270
7001177952,1,0.9286550866670781,1271
7000024105,0,0.9286550866670781,1272
7000718875,0,0.9286550866670781,1273
7000011507,0,0.9286550866670781,1274
7000212575,1,0.9286550866670781,1275
7002160011,0,0.9286550866670781,1276
7001563642,0,0.9286550866670781,1277
7001147668,1,0.9286550866670781,1278
7000980577,0,0.9286550866670781,1279
7000040706,0,0.9286550866670781,1280
7000244054,0,0.9286550866670781,1281
7000127940,1,0.9286550866670781,1282
7001228912,1,0.9286550866670781,1283
7000676348,0,0.9286550866670781,1284
7002326882,1,0.9286550866670781,1285
7000524638,0,0.9286550866670781,1286
7000007913,0,0.9286550866670781,1287
7000065383,0,0.9286550866670781,1288
7001491890,0,0.9286550866670781,1289
7000436738,0,0.9286550866670781,1290
7000270775,0,0.9286550866670781,1291
7000216671,1,0.9286550866670781,1292
7001362168,1,0.9286550866670781,1293
7000088822,0,0.9286550866670781,1294
7000082259,1,0.9286550866670781,1295
7001883698,0,0.9286550866670781,1296
7000019912,0,0.9286550866670781,1297
7001451606,1,0.9286550866670781,1298
7001354309,0,0.9286550866670781,1299
7000631289,0,0.9286550866670781,1300
7001776075,0,0.9286550866670781,1301
7000494274,0,0.9286550866670781,1302
7001128633,1,0.9286550866670781,1303
7000045557,1,0.9286550866670781,1304
7001932351,1,0.9286550866670781,1305
7000353177,1,0.9286550866670781,1306
7002245423,0,0.9286550866670781,1307
7002090778,0,0.9286550866670781,1308
7001030807,0,0.9286550866670781,1309
7002176571,1,0.9286550866670781,1310
7000020192,1,0.9286550866670781,1311
7001318456,0,0.9286550866670781,1312
7002269383,0,0.9286550866670781,1313
7000292200,0,0.9286550866670781,1314
7001827194,1,0.9286550866670781,1315
7002031416,0,0.9286550866670781,1316
7000063062,0,0.9286550866670781,1317
7000462193,0,0.9286550866670781,1318
7000087517,1,0.9286550866670781,1319
7001062051,0,0.9286550866670781,1320
7000868286,1,0.9286550866670781,1321
7000145701,1,0.9286550866670781,1322
7001780577,0,0.9286550866670781,1323
7000057480,1,0.9286550866670781,1324
7001821146,0,0.9286550866670781,1325
7002247084,1,0.9286550866670781,1326
7000169540,0,0.9286550866670781,1327
7001208170,0,0.9286550866670781,1328
7000396010,0,0.9286550866670781,1329
7002148015,0,0.9286550866670781,1330
7000501110,0,0.9286550866670781,1331
7001860388,0,0.9286550866670781,1332
7001637758,0,0.9286550866670781,1333
7001425394,0,0.9286550866670781,1334
7002142254,0,0.9286550866670781,1335
7001438923,1,0.9286550866670781,1336
7002173844,1,0.9286550866670781,1337
7001176567,0,0.9286550866670781,1338
7000540981,1,0.9286550866670781,1339
7000018926,1,0.9286550866670781,1340
7000048080,1,0.9286550866670781,1341
7000151430,0,0.9286550866670781,1342
7000141986,0,0.9286550866670781,1343
7000100425,0,0.9286550866670781,1344
7000834476,0,0.9286550866670781,1345
7001013802,0,0.9286550866670781,1346
7002158262,0,0.9286550866670781,1347
7002139591,0,0.9286550866670781,1348
7000460334,0,0.9286550866670781,1349
7000045394,0,0.9286550866670781,1350
7001419716,0,0.9286550866670781,1351
7001441657,0,0.9286550866670781,1352
7002002998,1,0.9286550866670781,1353
7001425635,0,0.9286550866670781,1354
7000462723,1,0.9286550866670781,1355
7002085706,1,0.9286550866670781,1356
7000279130,0,0.9286550866670781,1357
7001983020,0,0.9286550866670781,1358
7000854616,0,0.9286550866670781,1359
7001913018,1,0.9286550866670781,1360
7001992427,1,0.9286550866670781,1361
7001875035,1,0.9286550866670781,1362
7002312209,0,0.9286550866670781,1363
7001683776,1,0.9286550866670781,1364
7001881970,0,0.9286550866670781,1365
7001158471,1,0.9286550866670781,1366
7001873052,0,0.9286550866670781,1367
7000415768,0,0.9286550866670781,1368
7001377721,1,0.9286550866670781,1369
7000846036,0,0.9286550866670781,1370
7000830192,0,0.9286550866670781,1371
7000089149,1,0.9286550866670781,1372
7000990245,1,0.9286550866670781,1373
7001981022,0,0.9286550866670781,1374
7001965362,0,0.9286550866670781,1375
7000015524,0,0.9286550866670781,1376
7000886971,0,0.9286550866670781,1377
7002323605,0,0.9286550866670781,1378
7000084773,1,0.9286550866670781,1379
7000975385,0,0.9286550866670781,1380
7000043873,1,0.9286550866670781,1381
7001589687,0,0.9286550866670781,1382
7000395884,0,0.9286550866670781,1383
7000038518,1,0.9286550866670781,1384
7000077843,0,0.9286550866670781,1385
7002224254,1,0.9286550866670781,1386
7000301637,1,0.9286550866670781,1387
7001017027,1,0.9285783191350536,1388
7001623390,0,0.9285783191350536,1389
7000417192,0,0.9285783191350536,1390
7000732194,0,0.9285783191350536,1391
7002278090,0,0.9285783191350536,1392
7001498195,1,0.9285783191350536,1393
7000276500,1,0.9285783191350536,1394
7000176840,0,0.9283404982339611,1395
7001962890,0,0.9283404982339611,1396
7000240197,1,0.9283404982339611,1397
7000561376,0,0.9283404982339611,1398
7000420960,0,0.9283404982339611,1399
7000018324,1,0.9283404982339611,1400
7001053672,1,0.9283404982339611,1401
7001850088,0,0.9283404982339611,1402
7000342087,1,0.9283404982339611,1403
7000012901,1,0.9283404982339611,1404
7000073140,0,0.9283404982339611,1405
7001926523,0,0.9283404982339611,1406
7000039637,1,0.9280817391975761,1407
7001636255,1,0.9280817391975761,1408
7001050219,0,0.9280817391975761,1409
7001483060,0,0.9280817391975761,1410
7001411483,0,0.9280817391975761,1411
7000623334,1,0.9280817391975761,1412
7001920140,0,0.9280817391975761,1413
7002035744,1,0.9280817391975761,1414
7001576756,0,0.9280817391975761,1415
7001221200,1,0.9280817391975761,1416
7001585763,0,0.9280817391975761,1417
7000770996,0,0.9280817391975761,1418
7000036939,0,0.9280817391975761,1419
7000709175,0,0.9280817391975761,1420
7000014081,0,0.9280817391975761,1421
7001967341,1,0.9280817391975761,1422
7001293807,0,0.9280817391975761,1423
7001142461,0,0.9280817391975761,1424
7002081991,0,0.9280817391975761,1425
7001733691,1,0.9280817391975761,1426
7001780528,1,0.9280817391975761,1427
7002012438,1,0.9280817391975761,1428
7002054480,0,0.9280817391975761,1429
7000387819,0,0.9280817391975761,1430
7001143280,0,0.9280817391975761,1431
7000251553,0,0.9280817391975761,1432
7001218459,1,0.9280817391975761,1433
7001170030,0,0.9280817391975761,1434
7001063833,0,0.9280817391975761,1435
7000668940,0,0.9280817391975761,1436
7000070433,0,0.9280817391975761,1437
7001591809,0,0.9280817391975761,1438
7000743126,0,0.9280817391975761,1439
7002346563,1,0.9280817391975761,1440
7001396315,1,0.9280817391975761,1441
7001027005,0,0.9280817391975761,1442
7001953395,1,0.9280817391975761,1443
7002235993,0,0.9280817391975761,1444
7002177243,0,0.9280817391975761,1445
7000024067,0,0.9280817391975761,1446
7000049768,0,0.9280817391975761,1447
7000700377,0,0.9280817391975761,1448
7001505557,0,0.9280817391975761,1449
7001567309,1,0.9280817391975761,1450
7002372068,0,0.9280817391975761,1451
7001008869,0,0.9280817391975761,1452
7000403646,0,0.9280817391975761,1453
7001806976,0,0.9280817391975761,1454
7001117866,0,0.9280817391975761,1455
7001392986,0,0.9280817391975761,1456
7000385698,0,0.9280817391975761,1457
7001585641,1,0.9280817391975761,1458
7002225880,1,0.9280104913656838,1459
7001038026,0,0.9277620033337384,1460
7001763625,0,0.9276766758642517,1461
7001435526,0,0.927552968900474,1462
7001991087,0,0.9269812383835709,1463
7001874888,0,0.9269812383835709,1464
7000072332,0,0.9269812383835709,1465
7000797334,1,0.9269812383835709,1466
7000215202,1,0.9269812383835709,1467
7001244223,1,0.9269812383835709,1468
7002407972,1,0.9269812383835709,1469
7000650330,0,0.9269812383835709,1470
7000550648,0,0.9269812383835709,1471
7001457318,0,0.9269812383835709,1472
7001141710,0,0.9269812383835709,1473
7001154414,0,0.9269812383835709,1474
7000629600,0,0.9269812383835709,1475
7000611476,0,0.9269812383835709,1476
7000805593,1,0.9269812383835709,1477
7000006572,0,0.9269812383835709,1478
7000664212,0,0.9269812383835709,1479
7000192212,0,0.9269812383835709,1480
7000645190,0,0.9269812383835709,1481
7002229144,1,0.9269812383835709,1482
7000864267,0,0.9269812383835709,1483
7001167914,1,0.9269812383835709,1484
7000548274,1,0.9269812383835709,1485
7001100154,1,0.9269812383835709,1486
7001053555,0,0.9269812383835709,1487
7001956932,0,0.9269812383835709,1488
7001125154,0,0.9269812383835709,1489
7002362761,1,0.9269812383835709,1490
7001803987,0,0.9269812383835709,1491
7002147579,0,0.9269812383835709,1492
7001221886,0,0.9269812383835709,1493
7000541049,1,0.9269812383835709,1494
7000865277,0,0.9269812383835709,1495
7002068910,1,0.9269812383835709,1496
7001968520,1,0.9269812383835709,1497
7000004939,0,0.9269812383835709,1498
7000165926,1,0.9269812383835709,1499
7002074759,0,0.9269812383835709,1500
7002240060,0,0.9269812383835709,1501
7001397397,1,0.9269812383835709,1502
7002199310,0,0.9269812383835709,1503
7000330438,0,0.9269812383835709,1504
7000311202,1,0.9269812383835709,1505
7000335061,0,0.9269812383835709,1506
7000373441,0,0.9269812383835709,1507
7001449297,1,0.9269812383835709,1508
7000605164,0,0.9269812383835709,1509
7000624615,0,0.9269812383835709,1510
7000541774,1,0.9269812383835709,1511
7002340995,0,0.9269812383835709,1512
7002260721,1,0.9269812383835709,1513
7000117054,1,0.9269812383835709,1514
7001020401,0,0.9269812383835709,1515
7000505394,0,0.9269812383835709,1516
7000791617,0,0.9269812383835709,1517
7002088755,0,0.9269812383835709,1518
7000385200,0,0.9269812383835709,1519
7000253814,0,0.9269812383835709,1520
7000277496,0,0.9269812383835709,1521
7000674980,0,0.9269812383835709,1522
7000757865,0,0.9269812383835709,1523
7000411121,1,0.9269812383835709,1524
7000149341,0,0.9269812383835709,1525
7001991581,0,0.9269812383835709,1526
7002137954,0,0.9269812383835709,1527
7001025920,0,0.9269812383835709,1528
7002281888,0,0.9269812383835709,1529
7000284300,0,0.9269812383835709,1530
7001714979,0,0.9269812383835709,1531
7002149227,0,0.9269812383835709,1532
7002233069,1,0.9269812383835709,1533
7000326143,1,0.9269812383835709,1534
7001918832,1,0.9269812383835709,1535
7000356400,1,0.9269812383835709,1536
7000524949,0,0.9269812383835709,1537
7002078571,0,0.9269812383835709,1538
7001248579,0,0.9269812383835709,1539
7002218847,0,0.9269812383835709,1540
7000805841,0,0.9269812383835709,1541
7000737227,1,0.9269812383835709,1542
7001034597,1,0.9269812383835709,1543
7000361525,1,0.9269812383835709,1544
7000292717,1,0.9269812383835709,1545
7002266448,1,0.9269812383835709,1546
7002292206,0,0.9269812383835709,1547
7001880224,0,0.9269812383835709,1548
7001009302,0,0.9269812383835709,1549
7002259019,0,0.9269812383835709,1550
7000556320,0,0.9269812383835709,1551
7001312893,1,0.9269812383835709,1552
7000131339,0,0.9269812383835709,1553
7001771428,0,0.9269812383835709,1554
7000123437,0,0.9269812383835709,1555
7001684298,0,0.9269812383835709,1556
7002074028,0,0.9269812383835709,1557
7000093596,1,0.9269812383835709,1558
7002102037,0,0.9269812383835709,1559
7000137876,0,0.9269812383835709,1560
7002362975,1,0.9269812383835709,1561
7000555975,1,0.9269812383835709,1562
7001411083,1,0.9269812383835709,1563
7002292413,1,0.9269812383835709,1564
7002176429,0,0.9269812383835709,1565
7001488560,0,0.9269812383835709,1566
7000241973,0,0.9269812383835709,1567
7002040478,1,0.9269812383835709,1568
7002307792,0,0.9269812383835709,1569
7000247845,1,0.9269812383835709,1570
7001887861,0,0.9269812383835709,1571
7002053162,1,0.9269812383835709,1572
7000842381,0,0.9269812383835709,1573
7001236225,0,0.9269812383835709,1574
7000226917,0,0.9269812383835709,1575
7001345830,1,0.9269812383835709,1576
7001451098,0,0.9269812383835709,1577
7001276477,0,0.9269812383835709,1578
7002369398,0,0.9269812383835709,1579
7001936009,0,0.9269812383835709,1580
7001776448,0,0.9269812383835709,1581
7000495771,0,0.9269812383835709,1582
7001788642,0,0.9269812383835709,1583
7002354921,0,0.9269044708515466,1584
7001020001,0,0.9266666499504541,1585
7002368857,1,0.9266666499504541,1586
7002243265,0,0.9264117704316763,1587
7000253892,0,0.9264078909140688,1588
7000768332,0,0.9264078909140688,1589
7001609286,1,0.9260140632902223,1590
7000789638,0,0.9260072924389751,1591
7001727970,0,0.9260072924389751,1592
7000365295,0,0.9260072924389751,1593
7000668515,1,0.9252655425770192,1594
7001108495,1,0.9251864343699588,1595
7002181779,0,0.9248477818575741,1596
7002240034,0,0.9245627509973993,1597
7001939823,1,0.9244878586762161,1598
7001229951,0,0.9244312590012345,1599
7000823962,0,0.9243750907593253,1600
7000460447,1,0.9243750907593253,1601
7000384487,0,0.9243750907593253,1602
7000393618,1,0.9242093328259372,1603
7001063669,0,0.9237732280827197,1604
7001312092,0,0.9236499707661122,1605
7001217112,0,0.9236499707661122,1606
7002259058,1,0.923572736751132,1607
7000838105,0,0.9231998806132179,1608
7000320745,1,0.9231998806132179,1609
7000493847,0,0.9227012424758185,1610
7001341823,0,0.9227012424758185,1611
7001322712,0,0.9227012424758185,1612
7001991831,0,0.9225354845424303,1613
7002025091,0,0.9224522571767743,1614
7001562737,0,0.9224434247946407,1615
7000436570,1,0.9224434247946407,1616
7000524812,1,0.922410368678569,1617
7000638601,0,0.922410368678569,1618
7000071058,1,0.922410368678569,1619
7000107950,0,0.922410368678569,1620
7000284695,0,0.922410368678569,1621
7001542551,0,0.922410368678569,1622
7000210424,1,0.922410368678569,1623
7000800949,0,0.922410368678569,1624
7002286046,0,0.922410368678569,1625
7000543565,0,0.922410368678569,1626
7000477810,0,0.922410368678569,1627
7000392950,0,0.922410368678569,1628
7000691434,1,0.922410368678569,1629
7000666587,0,0.922410368678569,1630
7000469001,1,0.922410368678569,1631
7000424239,0,0.922410368678569,1632
7000432998,0,0.922410368678569,1633
7000219377,0,0.922410368678569,1634
7000367400,1,0.922410368678569,1635
7002007467,1,0.922410368678569,1636
7001929389,0,0.922410368678569,1637
7000029697,0,0.922410368678569,1638
7000749999,0,0.922410368678569,1639
7002139631,0,0.922410368678569,1640
7001993517,1,0.922410368678569,1641
7000118446,0,0.922410368678569,1642
7000247537,1,0.922410368678569,1643
7000899081,1,0.922410368678569,1644
7002080525,0,0.922410368678569,1645
7000401118,1,0.922410368678569,1646
7001105082,0,0.922410368678569,1647
7001110375,0,0.922410368678569,1648
7000576992,0,0.922410368678569,1649
7000234566,1,0.922410368678569,1650
7001601072,0,0.922410368678569,1651
7000033882,0,0.922410368678569,1652
7000010154,0,0.922410368678569,1653
7000248930,0,0.922410368678569,1654
7000850190,0,0.922410368678569,1655
7000747278,0,0.922410368678569,1656
7000795140,1,0.922410368678569,1657
7001682578,0,0.922410368678569,1658
7000080326,0,0.922410368678569,1659
7000081823,1,0.922410368678569,1660
7002267773,0,0.922410368678569,1661
7000558651,0,0.922410368678569,1662
7000171380,0,0.922410368678569,1663
7000445073,0,0.922410368678569,1664
7000386934,1,0.922410368678569,1665
7000485632,1,0.922410368678569,1666
7000074963,1,0.922410368678569,1667
7002250543,1,0.922410368678569,1668
7000427912,0,0.922410368678569,1669
7000747251,1,0.922410368678569,1670
7000724164,1,0.922410368678569,1671
7000123001,0,0.922410368678569,1672
7000250736,0,0.922410368678569,1673
7002106667,0,0.922410368678569,1674
7000167746,0,0.922410368678569,1675
7000404297,0,0.922410368678569,1676
7002025521,0,0.922410368678569,1677
7000928707,0,0.922410368678569,1678
7000802442,0,0.922410368678569,1679
7000211059,0,0.922410368678569,1680
7000050534,0,0.922410368678569,1681
7000556860,1,0.922410368678569,1682
7001543989,0,0.922410368678569,1683
7000078445,1,0.922410368678569,1684
7000260109,0,0.922410368678569,1685
7000014841,0,0.922410368678569,1686
7000559804,1,0.922410368678569,1687
7000308035,0,0.922410368678569,1688
7000486637,0,0.922410368678569,1689
7000269709,0,0.922410368678569,1690
7000027819,1,0.922410368678569,1691
7000196939,0,0.922410368678569,1692
7002082961,0,0.922410368678569,1693
7000774411,0,0.922410368678569,1694
7000562467,1,0.922410368678569,1695
7000688508,0,0.9223336011465445,1696
7002260753,0,0.9220957802454519,1697
7001970667,1,0.9219412287453408,1698
7000143234,0,0.9219343314865237,1699
7002098168,0,0.9219343314865237,1700
7001009289,0,0.9219343314865237,1701
7001652141,0,0.9219343314865237,1702
7000585467,0,0.9219343314865237,1703
7002027234,0,0.9219343314865237,1704
7001299985,0,0.9219343314865237,1705
7001648301,0,0.9219343314865237,1706
7001996098,0,0.9219343314865237,1707
7002283190,0,0.9219343314865237,1708
7000417782,1,0.9219343314865237,1709
7000246104,1,0.9219343314865237,1710
7000673590,1,0.9219343314865237,1711
7000352903,0,0.9219343314865237,1712
7001500376,0,0.9219343314865237,1713
7000822906,0,0.9219343314865237,1714
7001801320,1,0.9219343314865237,1715
7000232917,0,0.9219343314865237,1716
7002252754,0,0.9219343314865237,1717
7000303531,0,0.9219343314865237,1718
7000694002,0,0.9219343314865237,1719
7000276965,0,0.9219343314865237,1720
7000601998,0,0.9219343314865237,1721
7000536075,0,0.9218789097072725,1722
7001944341,1,0.9218370212090669,1723
7000767139,0,0.9218370212090669,1724
7000318492,0,0.9218370212090669,1725
7000690557,0,0.9218370212090669,1726
7001915227,0,0.9218370212090669,1727
7001188138,0,0.9218370212090669,1728
7001292367,0,0.9218370212090669,1729
7001137698,0,0.9218370212090669,1730
7002020170,0,0.9216197430534069,1731
7002400230,0,0.9215648694076798,1732
7000329296,0,0.9213609840170218,1733
7000383347,0,0.9213609840170218,1734
7000421686,1,0.9212740990428783,1735
7000269332,1,0.9207365203950617,1736
7001452664,1,0.9207365203950617,1737
7000657014,0,0.9207365203950617,1738
7002027387,0,0.9207365203950617,1739
7000379942,0,0.9207365203950617,1740
7001899523,0,0.9207365203950617,1741
7000162663,0,0.9207365203950617,1742
7001396162,0,0.9207365203950617,1743
7000660377,1,0.9207365203950617,1744
7000239603,1,0.9207365203950617,1745
7000556826,0,0.9207365203950617,1746
7001622458,1,0.9207365203950617,1747
7000399831,0,0.9207365203950617,1748
7001491140,0,0.9207365203950617,1749
7000655713,0,0.9207365203950617,1750
7001376021,0,0.9207365203950617,1751
7001218935,0,0.9207365203950617,1752
7000482253,0,0.9207365203950617,1753
7000465868,1,0.9207365203950617,1754
7000761550,0,0.9207365203950617,1755
7002223776,0,0.9207365203950617,1756
7001969063,1,0.9207365203950617,1757
7001110557,0,0.9207365203950617,1758
7001827060,1,0.9207365203950617,1759
7000918781,0,0.9207365203950617,1760
7001820820,0,0.9207365203950617,1761
7000280652,0,0.9207365203950617,1762
7001645479,0,0.9207365203950617,1763
7001063916,0,0.9207365203950617,1764
7001335865,0,0.9207365203950617,1765
7001791245,0,0.9207365203950617,1766
7000302643,1,0.9207365203950617,1767
7000739442,0,0.9207365203950617,1768
7000633959,0,0.9207365203950617,1769
7001005128,1,0.9207365203950617,1770
7002274704,0,0.9207365203950617,1771
7000120440,0,0.9207365203950617,1772
7001326469,0,0.9207365203950617,1773
7000522096,0,0.9207365203950617,1774
7001695129,0,0.9207365203950617,1775
7001126055,1,0.9207365203950617,1776
7000795516,0,0.9207365203950617,1777
7002282431,0,0.9207365203950617,1778
7002215614,1,0.9207365203950617,1779
7000355200,0,0.9207365203950617,1780
7000684118,0,0.9207365203950617,1781
7000316857,1,0.9207365203950617,1782
7001741652,0,0.9207365203950617,1783
7001452122,0,0.9207365203950617,1784
7001775314,0,0.9207365203950617,1785
7002020735,0,0.9207365203950617,1786
7002246396,0,0.9207365203950617,1787
7002037427,0,0.9207365203950617,1788
7002401708,1,0.9207365203950617,1789
7000545331,0,0.9207365203950617,1790
7000514560,0,0.9207365203950617,1791
7000333212,0,0.9207365203950617,1792
7000933798,0,0.9207365203950617,1793
7001337711,0,0.9207365203950617,1794
7000524156,1,0.9207365203950617,1795
7000248704,1,0.9207365203950617,1796
7001187164,1,0.9207365203950617,1797
7001253296,1,0.9207365203950617,1798
7000109212,0,0.9207365203950617,1799
7000431062,0,0.9207365203950617,1800
7000357477,0,0.9207365203950617,1801
7000330701,0,0.9207365203950617,1802
7000654447,0,0.9207365203950617,1803
7001800433,0,0.9207365203950617,1804
7000102255,0,0.9207365203950617,1805
7000805490,1,0.9207365203950617,1806
7000448236,0,0.9207365203950617,1807
7000447711,0,0.9207365203950617,1808
7000362620,1,0.9207365203950617,1809
7000414305,0,0.9207365203950617,1810
7002142486,0,0.9207365203950617,1811
7000319828,1,0.9207365203950617,1812
7000653515,0,0.9207365203950617,1813
7001641363,0,0.9207365203950617,1814
7001775818,1,0.9207365203950617,1815
7000925468,0,0.9207365203950617,1816
7000177125,1,0.9207365203950617,1817
7002366363,1,0.9207365203950617,1818
7002241104,1,0.9207365203950617,1819
7002298704,1,0.9207365203950617,1820
7000436458,1,0.9207365203950617,1821
7000562220,1,0.9207365203950617,1822
7000597840,0,0.9207365203950617,1823
7000625259,0,0.9207365203950617,1824
7001324966,0,0.9207365203950617,1825
7001497681,0,0.9207365203950617,1826
7000265984,0,0.9207365203950617,1827
7000955983,0,0.9207365203950617,1828
7000401058,0,0.9207365203950617,1829
7000255109,1,0.9207365203950617,1830
7001460601,1,0.9207365203950617,1831
7001016201,0,0.9207365203950617,1832
7000314769,0,0.9207365203950617,1833
7001001130,1,0.9207365203950617,1834
7000505692,0,0.9207365203950617,1835
7002015019,1,0.9207365203950617,1836
7001467277,0,0.9207365203950617,1837
7000256516,1,0.9207365203950617,1838
7000236767,0,0.9207365203950617,1839
7000258675,0,0.9207365203950617,1840
7002052643,1,0.9207365203950617,1841
7000211738,0,0.9207365203950617,1842
7000291200,1,0.9207365203950617,1843
7000227558,1,0.9207365203950617,1844
7002383194,1,0.9207365203950617,1845
7000369281,0,0.9207365203950617,1846
7000128324,0,0.9207365203950617,1847
7000427262,0,0.9207365203950617,1848
7000432330,0,0.9207365203950617,1849
7001042599,1,0.9207365203950617,1850
7001635322,0,0.9207365203950617,1851
7000720895,0,0.9207365203950617,1852
7000581921,0,0.9207365203950617,1853
7000961065,0,0.9207365203950617,1854
7002198638,1,0.9207365203950617,1855
7001870606,0,0.9207365203950617,1856
7001456126,0,0.9207365203950617,1857
7000412394,0,0.9207365203950617,1858
7000372110,0,0.9207365203950617,1859
7001150292,1,0.9207365203950617,1860
7001444175,0,0.9207365203950617,1861
7000223065,0,0.9207365203950617,1862
7001202780,0,0.9207365203950617,1863
7001014116,1,0.9207365203950617,1864
7000687475,1,0.9207365203950617,1865
7000849923,0,0.9207365203950617,1866
7002274157,0,0.9207365203950617,1867
7001955187,1,0.9207365203950617,1868
7000718581,0,0.9207365203950617,1869
7002024161,0,0.9207365203950617,1870
7000117578,1,0.9207365203950617,1871
7000507271,1,0.9207365203950617,1872
7001338424,0,0.9207365203950617,1873
7000963643,1,0.9207365203950617,1874
7000412314,0,0.9207365203950617,1875
7000479137,0,0.9207365203950617,1876
7001571580,0,0.9207365203950617,1877
7001660979,0,0.9207365203950617,1878
7000312774,1,0.9207365203950617,1879
7000552185,0,0.9207365203950617,1880
7001117003,1,0.9207365203950617,1881
7000677977,0,0.9207365203950617,1882
7000460724,1,0.9207365203950617,1883
7000242070,1,0.9207365203950617,1884
7002146681,0,0.9207365203950617,1885
7001560522,0,0.9207365203950617,1886
7000441245,0,0.9207365203950617,1887
7000223802,0,0.9207365203950617,1888
7000656424,0,0.9207365203950617,1889
7001499470,0,0.9207365203950617,1890
7000377561,0,0.9207365203950617,1891
7000474045,0,0.9207365203950617,1892
7002202041,0,0.9207365203950617,1893
7001958523,0,0.9206597528630374,1894
7002220919,1,0.9203800372073527,1895
7000460878,0,0.9201631729255597,1896
7000165305,1,0.9201631729255597,1897
7000314762,0,0.9201631729255597,1898
7000439439,0,0.9201631729255597,1899
7000344485,0,0.9201631729255597,1900
7001690119,0,0.9201631729255597,1901
7000549368,0,0.9201631729255597,1902
7001978481,0,0.9201631729255597,1903
7002086681,0,0.9201631729255597,1904
7000354237,0,0.9201631729255597,1905
7002368947,0,0.9199026412220147,1906
7000492167,1,0.9199026412220147,1907
7000970095,0,0.9197454110235368,1908
7002003427,0,0.9197454110235368,1909
7000441141,1,0.9191976765698743,1910
7001366701,0,0.9191976765698743,1911
7001482293,0,0.9191976765698743,1912
7000435085,1,0.9191976765698743,1913
7001028600,0,0.9191976765698743,1914
7001205239,1,0.9191976765698743,1915
7002208218,1,0.9188789424203374,1916
7002056269,0,0.9187966827332431,1917
7000089330,1,0.9187966827332431,1918
7001978395,0,0.9184393813846775,1919
7001546710,0,0.9184393813846775,1920
7001696021,0,0.9184393813846775,1921
7000055178,1,0.9184393813846775,1922
7001990443,1,0.9184393813846775,1923
7000862343,0,0.9183641362799403,1924
7001292592,1,0.9183641362799403,1925
7001861454,0,0.9183641362799403,1926
7000960612,0,0.9183641362799403,1927
7000407375,0,0.9183641362799403,1928
7001555088,0,0.9183641362799403,1929
7002186480,0,0.9183641362799403,1930
7001076231,0,0.9183641362799403,1931
7001811637,0,0.9183641362799403,1932
7002369274,0,0.9183641362799403,1933
7001050594,0,0.9183641362799403,1934
7000031052,0,0.9183641362799403,1935
7000081296,0,0.9183641362799403,1936
7001900025,0,0.9183641362799403,1937
7002396845,0,0.9183641362799403,1938
7000840592,0,0.9183641362799403,1939
7000200418,0,0.9183641362799403,1940
7001745894,1,0.9183641362799403,1941
7000445271,0,0.9183641362799403,1942
7000452620,1,0.9183641362799403,1943
7000097319,0,0.9183641362799403,1944
7002295584,0,0.9183641362799403,1945
7001025611,1,0.9183641362799403,1946
7001845653,0,0.9183641362799403,1947
7001562946,1,0.9183641362799403,1948
7000031437,1,0.9183641362799403,1949
7000803699,0,0.9183641362799403,1950
7001768114,0,0.9183641362799403,1951
7001128827,0,0.9183641362799403,1952
7000358553,1,0.9183641362799403,1953
7002302218,1,0.9183641362799403,1954
7001892086,0,0.9183641362799403,1955
7000017833,0,0.9183641362799403,1956
7000530681,0,0.9183641362799403,1957
7000954639,0,0.9183641362799403,1958
7001562258,0,0.9183641362799403,1959
7000018531,1,0.9183641362799403,1960
7000265882,1,0.9183641362799403,1961
7000041011,0,0.9183641362799403,1962
7001929219,0,0.9183641362799403,1963
7000853159,0,0.9183641362799403,1964
7000780502,1,0.9183641362799403,1965
7000493507,0,0.9183641362799403,1966
7000471883,1,0.9183641362799403,1967
7000334174,0,0.9183641362799403,1968
7000657946,0,0.9183641362799403,1969
7001613924,0,0.9183641362799403,1970
7002373343,0,0.9183641362799403,1971
7000246541,1,0.9183641362799403,1972
7000213814,0,0.9183641362799403,1973
7001965896,0,0.9183641362799403,1974
7000019469,1,0.9183641362799403,1975
7000021870,0,0.9183641362799403,1976
7000355852,0,0.9183641362799403,1977
7000468508,1,0.9183641362799403,1978
7002103670,0,0.9183641362799403,1979
7000257356,0,0.9183641362799403,1980
7001378942,0,0.9183641362799403,1981
7000246266,1,0.9183641362799403,1982
7002396433,0,0.9183641362799403,1983
7000910715,1,0.9183641362799403,1984
7000009414,1,0.9183641362799403,1985
7000929422,0,0.9183641362799403,1986
7002242459,1,0.9183641362799403,1987
7000844444,0,0.9183641362799403,1988
7001903176,1,0.9183641362799403,1989
7000993831,0,0.9183641362799403,1990
7001016463,1,0.9183641362799403,1991
7001253241,0,0.9183641362799403,1992
7001154331,0,0.9183641362799403,1993
7001158540,0,0.9183641362799403,1994
7002076345,1,0.9183641362799403,1995
7000451199,0,0.9183641362799403,1996
7000576771,0,0.9183641362799403,1997
7000045849,1,0.9183641362799403,1998
7000053062,1,0.9183641362799403,1999
7000182925,1,0.9183641362799403,2000
